Original Title,Similarity String Title,Similarity,Cleaned Title
Rachael Starr - to forever (moonbeam remix),Rachael Starr To Forever Moonbeam Remix,1,Rachael Starr to forever moonbeam remix
GAPTOOF & KEAN KAVANAGH - DEAN STREET,Kean Kavanagh Gaptoof Dean Street,0.9285714285714286,GAPTOOF KEAN KAVANAGH DEAN STREET
Kamaal Williams - 1989 (feat. Miguel Atwood-Ferguson) (Official Audio),Miguel Atwood Ferguson Kamaal Williams 1989,0.972972972972973,Kamaal Williams 1989 Miguel Atwood Ferguson
Sascha Dive - Jus Groove (Dub Version),Sascha Dive Jus Groove Dub Version,1,Sascha Dive Jus Groove Dub Version
Everything You Do Is A Balloon,Astroblk Everything You Do Is a Balloon,0.8571428571428571,Everything You Do Is A Balloon
For Those I Love - I Have a Love (Overmono Remix),For Those I Love I Have a Love Overmono Remix,1,For Those I Love I Have a Love Overmono Remix
Mr. Tophat - Time Lapse (DJ Tennis Disko Bang Club Mix),Mr Tophat Time Lapse DJ Tennis Disko Bang Club Mix,1,Mr Tophat Time Lapse DJ Tennis Disko Bang Club Mix
Roxy Music - In Every Dream Home a Heartache,Roxy Music In Every Dream Home A Heartache,1,Roxy Music In Every Dream Home a Heartache
Lake Haze - Dog Walking In The Park,Lake Haze Dog Walking in the Park,1,Lake Haze Dog Walking In The Park
Scalameriya - Summoning Sequence ( Ancient Methods Remix ),Scalameriya Summoning Sequence Ancient Methods Remix,1,Scalameriya Summoning Sequence Ancient Methods Remix
DJ Hell - Out Of Control (Official),DJ Hell Out Of Control,1,DJ Hell Out Of Control
"Headie One, Fred again.., Jamie xx - Smoke (feat. Jamie xx)",Fred again Headie One Smoke Jamie xx,0.8307692307692308,Headie One Fred again Jamie xx Smoke Jamie xx
DJOKO - It All Comes To An End,DJOKO It All Comes to an End,1,DJOKO It All Comes To An End
Konx-om-Pax - Shibuya Sunset (Hardcore mix),Konx Om Pax Shibuya Sunset Hardcore Mix,1,Konx om Pax Shibuya Sunset Hardcore mix
I Have a Love (Overmono Remix),For Those I Love I Have a Love Overmono Remix,0.7719298245614035,I Have a Love Overmono Remix
Just the Way You Are (Liquid People Solid Bass Vocal),Milky Just the Way You Are Liquid People Solid Bass Vocal,0.9425287356321839,Just the Way You Are Liquid People Solid Bass Vocal
Justice - Let There Be Light - †,Justice Let There Be Light,0.9767441860465116,Justice Let There Be Light †
Hot Chip - How Do You Do? (Todd Terje remix),Hot Chip How Do You Do Todd Terje remix,1,Hot Chip How Do You Do Todd Terje remix
Niles Cooper - Elegy For An Innocence Lost,Niles Cooper Elegy for an Innocence Lost,1,Niles Cooper Elegy For An Innocence Lost
Boards of Canada - Dayvan Cowboy,Boards of Canada Dayvan Cowboy,1,Boards of Canada Dayvan Cowboy
Fantastic Mr. Fox - Sepia Song,Fantastic Mr Fox Sepia Song,1,Fantastic Mr Fox Sepia Song
Arthur Russell - This Is How We Walk On The Moon,Arthur Russell This Is How We Walk on the Moon,1,Arthur Russell This Is How We Walk On The Moon
In the Morning Club (Let Your Love Come In) - Egypt [Club Mix],Egypt In The Morning Original Club Mix,0.7241379310344828,In the Morning Club Egypt Club Mix
Enter Shikari - Juggernauts (Nero Remix),Enter Shikari Juggernauts Nero Remix,1,Enter Shikari Juggernauts Nero Remix
Earl Sweatshirt - Sunday (feat. Frank Ocean),Earl Sweatshirt Sunday Frank Ocean,1,Earl Sweatshirt Sunday Frank Ocean
This Time (Carl Craig Mix 2),Jonny L This Time Carl Craig Mix 2,0.8695652173913043,This Time Carl Craig Mix 2
London Grammar - Hey Now (Sasha Remix),London Grammar Hey Now Sasha Remix,1,London Grammar Hey Now Sasha Remix
Severed Heads ‎– All Saints Day,Severed Heads All Saints Day,0.9166666666666666,Severed Heads ‎– All Saints Day
High Contrast - Music Is Everything,High Contrast Music Is Everything,1,High Contrast Music Is Everything
Two Lone Swordsmen - Glide By Shooting,Two Lone Swordsmen Glide by Shooting,1,Two Lone Swordsmen Glide By Shooting
Sander Kleinenberg - My Lexicon (Original Mix),Sander Kleinenberg My Lexicon Original Mix,1,Sander Kleinenberg My Lexicon Original Mix
MP Productions (Mark Pritchard) - Be Like Water (Official Audio),Mark Pritchard Be Like Water,0.4782608695652174,MP Productions Be Like Water
Orbital - Halcyon On and On,Orbital Halcyon and On and On,0.8837209302325582,Orbital Halcyon On and On
Surgeon - Hostages Of The Deep,Surgeon Hostages Of The Deep,1,Surgeon Hostages Of The Deep
Sabres of Paradise - Smokebelch II (David Holmes Mix),The Sabres Of Paradise Smokebelch II David Holmes Mix,0.9647058823529412,Sabres of Paradise Smokebelch II David Holmes Mix
JIMMY EDGAR - GET UP feat. Danny Brown (Official Stream),JIMMY EDGAR GET UP Danny Brown,1,JIMMY EDGAR GET UP Danny Brown
Big L - Put It On (Official Music Video),Big L Put It On,1,Big L Put It On
Enter Shikari - Anything Can Happen In The Next Half Hour,Enter Shikari Anything Can Happen In the Next Half Hour,1,Enter Shikari Anything Can Happen In The Next Half Hour
Rhyw - It Was All Happening [FAM08],Rhyw It Was All Happening,1,Rhyw It Was All Happening
Love Over Entropy - Tonii (Dixon Retouch) (SoHaSo 006),Love Over Entropy Tonii Dixon Retouch,1,Love Over Entropy Tonii Dixon Retouch
Los Hermanos - Birth Of 3000,Los Hermanos Birth of 3000,1,Los Hermanos Birth Of 3000
Killahurtz~West On 27th [A Tribe Called KHz Mix],Killahurtz West On 27th A Tribe Called KHz Mix,1,Killahurtz West On 27th A Tribe Called KHz Mix
David From Venus & Baridi Baridi Le Secret Die Jungle Remix,Baridi Baridi David From Venus Le Secret Die Jungle Remix,0.9574468085106383,David From Venus Baridi Baridi Le Secret Die Jungle Remix
Envoy - Dark Manoeuvres (Slam Remix),Envoy Dark Manoeuvres Slam Remix,1,Envoy Dark Manoeuvres Slam Remix
Caribou - Can't Do Without You (Tale Of Us & Mano Le Tough Remix),Tale Of Us Caribou Can't Do Without You Tale of Us Mano Le Tough Remix,0.9215686274509803,Caribou Can't Do Without You Tale Of Us Mano Le Tough Remix
Sunfreakz feat. Andrea Britton - Counting Down The Days (Extended Mix),Andrea Britton Sunfreakz Counting Down The Days Original Extended Vocal Mix,0.8173913043478261,Sunfreakz Andrea Britton Counting Down The Days Extended Mix
MJ Cole & Wiley - From The Drop,Wiley MJ Cole From The Drop,0.9047619047619048,MJ Cole Wiley From The Drop
"Dizzee Rascal, Ocean Wisdom - Don't Be Dumb (Lyric Video)",Ocean Wisdom Dizzee Rascal Don't Be Dumb,0.9696969696969697,Dizzee Rascal Ocean Wisdom Don't Be Dumb
BluePrint (UK) - Could This B? (Extended Mix) [Stress Records],BluePrint Could This B Extended Mix,1,BluePrint Could This B Extended Mix
Busta Rhymes - Look Over Your Shoulder (Visualizer) ft. Kendrick Lamar,Busta Rhymes Look Over Your Shoulder Kendrick Lamar,1,Busta Rhymes Look Over Your Shoulder Kendrick Lamar
Phonique: Reality Check feat. Eddie Fowlkes (Tapesh Remix),Eddie Fowlkes Phonique Reality Check Tapesh Remix,0.9176470588235294,Phonique: Reality Check Eddie Fowlkes Tapesh Remix
Sarah Mclachlan - Fallen (Gabriel and Dresden Remix),Dave Dresden Josh Gabriel Sarah McLachlan Fallen Gabriel Dresden Anti Gravity Mix,0.6545454545454545,Sarah Mclachlan Fallen Gabriel and Dresden Remix
Human League - The Things That Dreams Are Made Of [Original Dub Edit] (Control Room Recordings),The Human League The Things That Dreams Are Made Of Original Dub Edit,0.9724770642201835,Human League The Things That Dreams Are Made Of Original Dub Edit
Tiësto feat. Tegan and Sara - Feel It In My Bones,Tegan and Sara Tiësto Feel It In My Bones Tegan Sara,0.821917808219178,Tiësto Tegan and Sara Feel It In My Bones
The Fall - Big New Prinz,The Fall Big New Prinz,1,The Fall Big New Prinz
Mondo - Work Me Baby (Original Mix) [DRH035],Mondo Work Me Baby Original Mix 2,0.9803921568627451,Mondo Work Me Baby Original Mix
Ramadanman - Don't Change For Me,Ramadanman Don't Change for Me,1,Ramadanman Don't Change For Me
Daniel Bortz - You Can Stay Forever [PERMVAC208-1],Daniel Bortz You Can Stay Forever,1,Daniel Bortz You Can Stay Forever
Solar Stone - Day By Day (Red Jerry 'Smack The Bigot Up' Dub) [HQ],Solarstone Day By Day Red Jerry's Smack The Bigot Up Dub,0.9555555555555556,Solar Stone Day By Day Red Jerry 'Smack The Bigot Up' Dub
Todd Edwards - Love Inside (Alternate Mix),Todd Edwards Love Inside Alternate Mix,1,Todd Edwards Love Inside Alternate Mix
3 Of A Kind - Babycakes,3 Of A Kind Babycakes,1,3 Of A Kind Babycakes
LDS - Spacecraft To Saturn (Panorama Lounge Mix) [TAR005],LDS Spacecra to Saturn Panorama Lounge Mix,1,LDS Spacecra To Saturn Panorama Lounge Mix
Roy Davis Jr ft Peven Everett - Gabriel (Live Garage Version),Peven Everett Roy Davis Jr Gabriel Live Garage Version,0.9555555555555556,Roy Davis Jr Peven Everett Gabriel Live Garage Version
Mosquito Headz - El Ritmo (Tandu Radio Edit),Mosquito Headz El Ritmo Tandu Radio Edit,1,Mosquito Headz El Ritmo Tandu Radio Edit
Hot Chip - Over and Over (Official Video) (HD),Hot Chip Over And Over,1,Hot Chip Over and Over
PATRICE RUSHEN   FEELS SO REAL,Patrice Rushen Feels So Real,1,PATRICE RUSHEN FEELS SO REAL
XVOTO - Mommy Can’t Sleep,XVOTO Mommy Can't Sleep,0.918918918918919,XVOTO Mommy Can t Sleep
Real Tears - The Beauty of a Sharpened Blade,Real Tears The Beauty Of A Sharpened Blade,1,Real Tears The Beauty of a Sharpened Blade
Jonny L - I Let U,Jonny L I Let U,1,Jonny L I Let U
My Bloody Valentine - When You Sleep,Mira When You Sleep My Bloody Valentine cover,0.8307692307692308,My Bloody Valentine When You Sleep
Aesop Rock - None Shall Pass,Aesop Rock None Shall Pass,1,Aesop Rock None Shall Pass
BAILE - Amae (Sasha fabric2099 Mix),BAILE Amae Sasha fabric2099 Mix,1,BAILE Amae Sasha fabric2099 Mix
Tom Zeta - Hong Kong Harbour [Eleatics Records],Tom Zeta Hong Kong Harbour,1,Tom Zeta Hong Kong Harbour
Alan Braxe & Fred Falke - Palladium (Official),Alan Braxe Fred Falke Palladium,1,Alan Braxe Fred Falke Palladium
Pional - Miracle (Open Up Mix) [PERMVAC168-1],Pional Miracle Open Up Mix,1,Pional Miracle Open Up Mix
Dj Hell - My Definition Of House Music (1992),DJ Hell My Definition of House Music Version 2020,0.8405797101449275,Dj Hell My Definition Of House Music
J Dilla - So Far To Go (Feat Common & D'Angelo),J Dilla Common D'Angelo So Far to Go,0.8666666666666667,J Dilla So Far To Go Feat Common D'Angelo
808 State - In Yer Face (Bicep Remix),808 State In Yer Face Bicep Remix,1,808 State In Yer Face Bicep Remix
Citrus Fresh - You and Me (Official Music Video),Citrus Fresh You and Me,1,Citrus Fresh You and Me
"Alan Braxe, Fred Falke - Intro (Official Audio)",Fred Falke Alan Braxe Intro,0.9545454545454546,Alan Braxe Fred Falke Intro
Baby D - Let Me Be Your Fantasy (Original 1992),Baby D Let Me Be Your Fantasy,1,Baby D Let Me Be Your Fantasy
I Hate Models & Louisahhh - Obsessed By Power [POSS004],Louisahhh I Hate Models Obsessed by Power,0.9411764705882353,I Hate Models Louisahhh Obsessed By Power
Eddie & the Hot Rods - Teenage Depression,Eddie The Hot Rods Teenage Depression,1,Eddie the Hot Rods Teenage Depression
Roger Sánchez - You Can´t Change Me,Roger Sanchez You Can't Change Me Radio Edit,0.7301587301587301,Roger Sánchez You Can´t Change Me
Ragged Life - my friend is taking drugs (Dj Freud vision),Ragged Life My Friend Is Taking Drugs DJ Freud Vision,0.821917808219178,Ragged Life my friend is taking drugs
Future Sound Of London - We Have Explosive,The Future Sound Of London We Have Explosive,0.9565217391304348,Future Sound Of London We Have Explosive
SpectraSoul - Light In The Dark ft. Terri Walker (Official Video),Terri Walker SpectraSoul Light in The Dark,0.9714285714285714,SpectraSoul Light In The Dark Terri Walker
James Blake - I Keep Calling (Official Visualizer),James Blake I Keep Calling,1,James Blake I Keep Calling
Come In From The Cold,Joni Mitchell Come In From The Cold,0.7272727272727273,Come In From The Cold
CARIBOU - Sunny's Time (Logic1000 Remix),Caribou Sunny's Time Logic1000 Remix,1,CARIBOU Sunny's Time Logic1000 Remix
Mungo's Hi Fi - Serious time ft YT,YT Mungo's Hi Fi Serious Time,0.9565217391304348,Mungo's Hi Fi Serious time YT
Legowelt - Santiago Chile Arp Track [C.E.E.],Legowelt Santiago Chile Arp Track,1,Legowelt Santiago Chile Arp Track
Ross From Friends - Donny Blew It,Ross from Friends Donny Blew It,1,Ross From Friends Donny Blew It
Just A Little More Love (Wally Lopez Remix),David Guetta Just a Little More Love Wally Lopez Remix,0.8571428571428571,Just A Little More Love Wally Lopez Remix
Vozmediano - There's A Light (Rolando Remix),Vozmediano There's A Light Rolando Remix,1,Vozmediano There's A Light Rolando Remix
Mr. Ho + Mogwaa - Hustler's Billiard,Mogwaa Mr Ho Hustler's Billiard,0.9230769230769231,Mr Ho Mogwaa Hustler's Billiard
Amoss - Speed Shades (Grey Code Remix) (Official Video),Amoss Speed Shades Grey Code Remix,1,Amoss Speed Shades Grey Code Remix
Dario G - Carnaval De Paris (Official Music Video),Dario G Carnaval de Paris 12 Mix,0.8888888888888888,Dario G Carnaval De Paris
Layo & Bushwacka! - Love Story (Tim Deluxe Mix),Layo Bushwacka Love Story Tim Deluxe Club Mix,0.9142857142857143,Layo Bushwacka Love Story Tim Deluxe Mix
Bam Bam - Where's Your Child,Bam Bam Where's Your Child,1,Bam Bam Where's Your Child
Darkstar - Text (Totally Enormous Extinct Dinosaurs Remix) (Official Audio),Darkstar Text Totally Enormous Extinct Dinosaurs Remix,1,Darkstar Text Totally Enormous Extinct Dinosaurs Remix
"Red Axes, Moscoman, Krikor  - Subaru Pesha (Red Axes Remix)",Krikor Moscoman Subaru Pesha Red Axes Remix,0.8607594936708861,Red Axes Moscoman Krikor Subaru Pesha Red Axes Remix
MP Productions (Mark Pritchard) - Be Like Water,Mark Pritchard Be Like Water,0.4782608695652174,MP Productions Be Like Water
Paolo Mojo - Motor Strings (Jamie Anderson Remix),Paolo Mojo Motor Strings Jamie Anderson Remix,1,Paolo Mojo Motor Strings Jamie Anderson Remix
"Charli XCX - I Got It (feat. Brooke Candy, CupcakKe and Pabllo Vittar) [Official Audio]",cupcakKe Charli XCX I Got It Brooke Candy CupcakKe and Pabllo Vittar,0.9230769230769231,Charli XCX I Got It Brooke Candy CupcakKe and Pabllo Vittar
Coco Bryce - Wish We Didn't,Coco Bryce Wish We Didn't,1,Coco Bryce Wish We Didn't
Large Professor - The Mad Scientist,Large Professor Mad Scientist,0.9056603773584906,Large Professor The Mad Scientist
Paolo Mojo - 1983 (Eric Prydz Remix),Paolo Mojo 1983 Eric Prydz Remix,1,Paolo Mojo 1983 Eric Prydz Remix
Shadow Boxing (Om Unit Remix VIP),Nasty Habits Shadow Boxing Om Unit Remix VIP,0.819672131147541,Shadow Boxing Om Unit Remix VIP
"The Field - I have the moon, you have the internet [Track 1]",The Field I Have The Moon You Have The Internet,1,The Field I have the moon you have the internet
Coco Bryce - U I Luv,Coco Bryce U I Luv,1,Coco Bryce U I Luv
Four Tet - For These Times (FULL),Four Tet For These Times Original Mix,0.7755102040816326,Four Tet For These Times
Special Request - Vortex 164 (Sully Remix) [HTH119],Special Request Vortex 164 Sully Remix,1,Special Request Vortex 164 Sully Remix
Talaboman - Sideral (Matt Karmil Remix),Talaboman Sideral John Talabot Axel Boman Matt Karmil Remix,0.725,Talaboman Sideral Matt Karmil Remix
Kedr Livanskiy – Sky Kisses на танцполе,Kedr Livanskiy Sky Kisses,0.7547169811320755,Kedr Livanskiy – Sky Kisses на танцполе
Mr. Ho + Mogwaa - Bail-E,Mogwaa Mr Ho Bail E,0.8571428571428571,Mr Ho Mogwaa Bail E
M.I.K.E. - Sunrise at Palamos (Original Mix),M I K E Sunrise At Palamos Original Mix,1,M I K E Sunrise at Palamos Original Mix
Johannes Volk - A Planet In The Pocket [DOLLY30],Johannes Volk A Planet in the Pocket,1,Johannes Volk A Planet In The Pocket
Stir the Pot Freestyle Pt. 9 Piece (Still Stirrin'),Jamal Gasol Stir the Pot Freestyle Pt 9 Piece,0.8387096774193549,Stir the Pot Freestyle Pt 9 Piece
Martin Glass - The Pacific Visions Of Martin Glass (full album),Martin Glass Fugue Pacific,0.5483870967741935,Martin Glass The Pacific Visions Of Martin Glass
Bosq: Up & Down (NYC 91 Mix) feat. Kale,Kaleta Bosq Up Down NYC 91 Mix,0.8444444444444444,Bosq: Up Down NYC 91 Mix Kale
Nathan Fake - The Sky Was Pink (James Holden remix),Monoblok OHLF The Sky Was Pink James Holden Remix,0.717948717948718,Nathan Fake The Sky Was Pink James Holden remix
GUTS - And the living is easy,Guts And The Living Is Easy,1,GUTS And the living is easy
BOSQ: Can't Seem To Hide feat. Megan Doherty,Megan Doherty Bosq Can't Seem to Hide,0.9180327868852459,BOSQ: Can't Seem To Hide Megan Doherty
Gemma Dunleavy - Up De Flats,Gemma Dunleavy Up De Flats,1,Gemma Dunleavy Up De Flats
RÜFÜS DU SOL ●● Eyes [Official Audio Visual],RÜFÜS DU SOL Eyes,0.8571428571428571,RÜFÜS DU SOL ●● Eyes
Sunscreem - Perfect Motion (Boy's Own mix),Sunscreem Perfect Motion Boys Own Mix,0.9523809523809523,Sunscreem Perfect Motion Boy's Own mix
Mango X MathMan - Chest Out (Bon Voyage’s Tea Time Remix),Mango X MathMan Chest out Bon Voyage's Tea Time Remix,0.9647058823529412,Mango X MathMan Chest Out Bon Voyage s Tea Time Remix
Zig & Zag - Them Girls Them Girls,Ameritz Karaoke Them Girls Them Girls Karaoke Version,0.5,Zig Zag Them Girls Them Girls
Talkin' Loud And Sayin' Nothing (Complete Version),The Original J B s James Brown Talkin' Loud And Sayin' Nothing Complete Version,0.7735849056603774,Talkin' Loud And Sayin' Nothing Complete Version
Dart - Move Faster - Brame & Hamo Remix,Dart Move Faster Brame Hamo Remix,1,Dart Move Faster Brame Hamo Remix
DRUM AND BASS - REGGAE MiX {VOL.2} (by faXcooL),Bo Biz Bad Man Bass Reggae Dubstep Mix,0.5306122448979592,DRUM AND BASS REGGAE MiX
Mike Grant - The Struggle of my People (Mr G's There's Hope Mix),Mike Grant The Struggle of My People Mr G's There's Hope Mix,1,Mike Grant The Struggle of my People Mr G's There's Hope Mix
Mildlife - The Magnificent Moon (Tornado Wallace Remix),Mildlife The Magnificent Moon Tornado Wallace Remix,1,Mildlife The Magnificent Moon Tornado Wallace Remix
Yves Deruyter - Born Slippy (Original Mix),Yves Deruyter Born Slippy Original Mix,1,Yves Deruyter Born Slippy Original Mix
William DeVaughn - Be Thankful For What You Got,William DeVaughn Be Thankful for What You Got,1,William DeVaughn Be Thankful For What You Got
Fast Eddie ft. Sundance - Git On Up (DJ International Records 1989),Sundance Git On Up The Fast Eddie Mix,0.8461538461538461,Fast Eddie Sundance Git On Up
Renegade Master (Fatboy Slim Old Skool Mix) - Wildchild,Wildchild Renegade Master Fatboy Slim Old Skool Mix,0.9767441860465116,Renegade Master Fatboy Slim Old Skool Mix Wildchild
Dax J - Escape The System [ARTS COLLECTIVE004],Dax J Escape The System,1,Dax J Escape The System
dj assault - Sex On The Beach,DJ Assault Sex On The Beach,1,dj assault Sex On The Beach
Colours - Hold On (SE22 Mix),June Hamm Stephen Emmanuel Presents Colours Hold On SE22 Mix,0.5507246376811594,Colours Hold On SE22 Mix
Mano Le Tough - Primative People (Tale Of Us Remix),Mano Le Tough Primative People Tale Of Us Remix,1,Mano Le Tough Primative People Tale Of Us Remix
Smerz - I don’t talk about that much / Hva hvis,Smerz I don't talk about that much,0.819672131147541,Smerz I don t talk about that much / Hva hvis
AC13 - Tell No Soul (Skantia Remix),King DeepField AC13 Tell No Soul Skantia Remix,0.7936507936507936,AC13 Tell No Soul Skantia Remix
Golden Dawn Arkestra - Children Of The Sun (Austin Ato Remix),Golden Dawn Arkestra Children Of The Sun Austin Ato Remix Edit,0.9591836734693877,Golden Dawn Arkestra Children Of The Sun Austin Ato Remix
Kanye West - All of the Lights,Kanye West All Of The Lights,1,Kanye West All of the Lights
Kanye West - Runaway (Video Version) ft. Pusha T,Pusha T Kanye West Runaway,0.9523809523809523,Kanye West Runaway Pusha T
For Those I Love - I Have a Love (Live on Later),For Those I Love I Have a Love,1,For Those I Love I Have a Love
Glow - I Ain't Gonna Wait (1993),Cory Morrow Gettin' Ready to Rain,0.17777777777777778,Glow I Ain't Gonna Wait
TOPS - Colder & Closer (Patrick Holland Remix),TOPS Colder Closer Patrick Holland Remix,1,TOPS Colder Closer Patrick Holland Remix
808 State Of Mind (feat. Shaun J. Wright & Alinka),Honey Dijon 808 State Of Mind Shaun J Wright Alinka,0.8611111111111112,808 State Of Mind Shaun J Wright Alinka
L Ʌ V Σ N - Entanglement [CR013],L Ʌ V Σ N Entanglement,1,L Ʌ V Σ N Entanglement
M Beat feat General Levy Incredible,General Levy M Beat Incredible,0.92,M Beat General Levy Incredible
Chase and Status - Take Me Away (HD),Chase Status Take Me Away,0.8837209302325582,Chase and Status Take Me Away
"Ebo Taylor, Pat Thomas, Henrik Schwarz - Eye Nyam Nam 'A' Mensuro (Henrik Schwarz Blend)",Pat Thomas Ebo Taylor Eye Nyam Nam'A'Mensuro Henrik Schwarz Dub,0.912621359223301,Ebo Taylor Pat Thomas Henrik Schwarz Eye Nyam Nam 'A' Mensuro
Felipe Gordon - Deep For You,Felipe Gordon Deep,0.8333333333333334,Felipe Gordon Deep For You
The Streets - Has It Come to This? (Official Video),The Streets Has It Come to This,1,The Streets Has It Come to This
Big Love (feat. Mama) (Pirupa Remix),MAMA Emanuel Satie Big Love Pirupa Remix,0.7407407407407407,Big Love Mama Pirupa Remix
Chest out (Bon Voyage's Tea Time Remix),Mango X MathMan Chest out Bon Voyage's Tea Time Remix,0.821917808219178,Chest out Bon Voyage's Tea Time Remix
Gonzo MDF - Spontaneously (Tommy Holohan Remix) [CWT09],Tommy Holohan Gonzo MDF Spontaneously Remix,0.9459459459459459,Gonzo MDF Spontaneously Tommy Holohan Remix
Will Dawson - Under The Water (1999),Will Dawson Under the Water,1,Will Dawson Under The Water
DRS - I Will ft Patife & Vangeliez [Official Video],Vangeliez Patife DRS I WIll,0.9090909090909091,DRS I Will Patife Vangeliez
Storm - Storm (Original Club Mix) (1998),Humo Storm Original mix,0.6511627906976745,Storm Storm Original Club Mix
Ben Snow - Out In The Streets (Voltage Remix),Ben Snow Out in the Streets Voltage Remix,1,Ben Snow Out In The Streets Voltage Remix
All Night Long (Mood II Swing Club Mix),Sadie P All Night Long Mood II Swing Club Mix,0.90625,All Night Long Mood II Swing Club Mix
Little By Little 'Bang The Box',Little by Little Bang The Box,0.9166666666666666,Little By Little 'Bang The Box'
Jamiroquai - You Give Me Something,Jamiroquai You Give Me Something,1,Jamiroquai You Give Me Something
Mood II Swing - Do It Your Way (1996),John Ciafone Mood II Swing Do It Your Way,0.7924528301886793,Mood II Swing Do It Your Way
Murlo - Deep Breath (feat. Gemma Dunleavy),Gemma Dunleavy Murlo Deep Breath,0.9629629629629629,Murlo Deep Breath Gemma Dunleavy
System7 - Alpha Wave ( Plastikman acid house remix ),Richie Hawtin System 7 Alpha Wave Plastikman Acid House Remix,0.8666666666666667,System7 Alpha Wave Plastikman acid house remix
Overcast (Kettama’s Del Boy Remix),KETTAMA Pentland Park Overcast Kettama s Del Boy Remix,0.7323943661971831,Overcast Kettama s Del Boy Remix
Calibre & Jet Li - Least Loved,Jet Li Calibre Least Loved,0.9047619047619048,Calibre Jet Li Least Loved
Origin Unknown - Valley Of The Shadows ᴴᴰ,Origin Unknown Valley of the Shadows,1,Origin Unknown Valley Of The Shadows
KiNK - Dreamer (Frits Wentink Remix) [SOF004],Kink Dreamer Frits Wentink Remix,1,KiNK Dreamer Frits Wentink Remix
Camo & Krooked & Mefjus ft. Sophie Lindinger - No Tomorrow (Official Video),Sophie Lindinger Mefjus Camo Krooked No Tomorrow,0.926829268292683,Camo Krooked Mefjus Sophie Lindinger No Tomorrow
Dj Arne L. II - R.I.P,Street Angels Another Day Re Actor DJ Arne L Ii's Dub Mix,0.2857142857142857,Dj Arne L II R I P
Energy 52 - Café Del Mar (Original Three 'N One Mix) [Vinyl 1998],Energy 52 Café Del Mar Kid Paul Mix,0.5846153846153846,Energy 52 Café Del Mar Original Three 'N One Mix
System Of A Down - B.Y.O.B. (Official Video),System Of A Down B Y O B,1,System Of A Down B Y O B
